watched,want,register_date,isfake
680,96,1491519600,0
30,0,1495580400,0
201,58,1410822000,0
650,45,1487376000,0
30,0,1494889200,0
22,6,1493679600,0
147,0,1492988400,0
41,2,1492470000,0
183,196,1447113600,0
1053,53,1455494400,0
1843,63,1446508800,0
100,2,1489708800,0
156,59,1339628400,0
368,2,1487808000,0
21,0,1486512000,0
67,7,1486425600,0
1088,171,1433458800,0
41,7,1485388800,0
568,44,1429484400,0
300,21,1414278000,0
412,53,1390780800,0
694,0,1383868800,0
151,18,1259193600,0
149,47,1483142400,0
525,151,1377990000,0
480,108,1360368000,0
135,0,1324339200,0
676,220,1356048000,0
125,27,1351292400,0
1062,930,1349823600,0
229,42,1344466800,0
117,4,1264464000,0
340,133,1343257200,0
115,0,1318287600,0
838,1,1327708800,0
1,0,1497913200,2
265,92,1320278400,0
106,42,1462834800,0
598,107,1312758000,0
1177,120,1310166000,0
511,121,1308783600,0
102,45,1409353200,0
96,37,1400367600,0
1,0,1497826800,1
1411,0,1307746800,0
94,15,1206576000,0
697,9,1307487600,0
1,0,1497567600,2
1,0,1497567600,1
82,692,1429398000,0
558,0,1304550000,0
399,14,1303081200,0
1,0,1497481200,1
626,18,1300665600,0
1,0,1497481200,1
73,23,1308870000,0
1,0,1497481200,0
73,8,1349218800,0
1,0,1497394800,1
868,76,1295049600,0
1,3,1497135600,1
1,0,1496962800,2
413,38,1291507200,0
1,2,1495666800,0
1,0,1493247600,0
504,1365,1284764400,0
1,2,1492124400,0
60,5,1398812400,0
54,2,1415491200,0
45,3,1257984000,0
1,0,1491951600,1
1,6,1476745200,0
35,0,1318806000,0
377,206,1278630000,0
1,0,1471388400,0
1,1,1443999600,0
1,0,1442271600,0
33,2,1484092800,0
28,2,1352937600,0
1,0,1425168000,0
2,0,1497567600,0
27,3,1483574400,0
1247,66,1276988400,0
19,2,1381618800,0
2,0,1497135600,1
2,0,1496790000,0
2,4,1496098800,0
2,0,1495407600,0
218,25,1483142400,0
2,0,1493161200,0
17,130,1346108400,0
2,0,1492642800,2
242,2,1272150000,0
2,0,1492470000,0
17,0,1364770800,0
47,2,1481414400,0
13,5,1400454000,0
2,0,1486771200,0
2,0,1466550000,0
2,0,1463007600,0
591,328,1266624000,0
176,2,1479859200,0
2,0,1459119600,0
2,0,1458432000,0
65,30,1479513600,0
3,0,1497913200,1
3,0,1496358000,0
3,1,1494457200,0
12,0,1323561600,0
10,23,1355097600,0
518,4,1263254400,0
22,0,1477872000,0
189,16,1475622000,0
3,1,1485734400,0
3,0,1484438400,0
10,0,1364770800,0
1786,352,1253833200,0
3,1,1484092800,0
23,1,1475535600,0
3,0,1481673600,0
3,0,1480636800,0
239,7,1251759600,0
60,21,1473721200,0
278,23,1473375600,0
9,0,1330473600,0
3,0,1477958400,0
46,11,1472079600,0
9,0,1327017600,0
3,9,1477782000,0
37,17,1471820400,0
81,0,1469833200,0
249,34,1242860400,0
3,0,1468796400,0
7,2,1230681600,0
7,1,1382918400,0
3,0,1461020400,0
3279,28,1468537200,0
3,0,1454112000,0
4,2,1495148400,0
6,5,1241996400,0
4,0,1494802800,0
60,7,1467586800,0
126,0,1466809200,0
5,0,1355702400,0
59,8,1465858800,0
4,9,1394928000,0
4,0,1493247600,0
4,1,1320105600,0
63,0,1465513200,0
4,0,1372374000,0
168,4,1464390000,0
4,1,1486166400,0
4,0,1470524400,0
4,2,1441494000,0
221,1,1456617600,0
5,0,1494370800,0
45,1,1453420800,0
68,1,1453075200,0
5,0,1492729200,0
41,0,1452729600,0
5,0,1457136000,0
3,0,1378162800,0
67,0,1452729600,0
3,0,1402959600,0
82,1,1450310400,0
6,0,1489363200,0
2,0,1271026800,0
6,0,1478131200,0
6,0,1456358400,0
7,5,1456099200,0
9,3,1423958400,0
10,0,1497049200,0
1,0,1311116400,0
11,0,1493679600,0
12,0,1452297600,0
12,3,1432422000,0
304,0,1442790000,0
2019,0,1441407600,0
28,2,1440889200,0
23,0,1440802800,0
13,7,1489449600,0
13,0,1470524400,0
532,11,1440543600,0
14,0,1476399600,0
15,0,1472943600,0
15,0,1465513200,0
22,1,1439506800,0
1649,354,1202774400,0
659,26,1155855600,0
54,4,1439161200,0
1022,6,1436482800,0
1,0,1364943600,0
1,0,1349478000,1
54,0,1435359600,0
507,7,1430953200,0
17,1,1485907200,0
17,0,1451260800,0
17,1,1430953200,0
19,0,1460242800,0
221,1,1456617600,0
