,id
0,169643562
1,135200536
2,126340791
3,135125013
4,139618020
5,156851819
6,149310043
7,169492044
8,164179206
9,132537469
10,120244055
11,158917517
12,118872470
13,163995824
14,118116088
15,166701357
16,117680144
17,145086094
18,169643825
19,168953379
20,115854614
21,158772083
22,163377097
23,162308613
24,65418930?
25,66004353?
26,113573301
27,105495383
28,81709432?
29,88656292?
30,110911910
31,75503917?
32,113518297
33,90952890?
34,64419895?
35,96900474?
36,66045779?
37,87491967?
38,70918175?
39,91085318?
40,79505522?
41,109852236
42,76675358?
43,72744371?
44,101805046
45,112186271
46,102602956
47,68280429?
48,47495601?
49,24013299?
50,23581208?
51,29376102?
52,48943321?
53,58571044?
54,27681382?
55,40401022?
56,28827300?
57,55709186?
58,43882276?
59,47696387?
60,25371646?
61,63163498?
62,44009008?
63,61698469?
64,34203311?
65,38056659?
66,46806084?
67,52955204?
68,27029686?
69,37059589?
70,27947733?
71,40210629?
72,18951056?
73,152310703
74,153706433
75,165889211
76,163734253
77,158676251
78,20469541?
79,169599535
80,158607370
81,161370629
82,162215727
83,169461692
84,158277493
85,18893273?
86,23453514?
87,161143544
88,12825318?
89,16974965?
90,153794134
91,152125965
92,168087857
93,151882841
94,163253564
95,22446199?
96,88230231?
97,148992251
98,150768988
99,146616353
100,83543563?
101,76044663?
102,87170701?
103,85348799?
104,126341647
105,69731497?
106,103536868
107,116005552
108,133435127
109,136415584
110,127169302
111,90486303?
112,71644824?
113,139637069
114,70097177?
115,143175979
116,98918675?
117,95414889?
118,65246364?
119,131015655
120,48217357?
121,28604536?
122,61435892?
123,21037935?
124,43607674?
125,30315777?
126,29207515?
127,47569896?
128,53613372?
129,42013598?
130,27070946?
131,47857396?
132,32510883?
133,29273432?
134,29399732?
135,41252816?
136,33490404?
137,26090883?
138,45581607?
139,41993244?
140,39720060?
141,29169804?
142,53965090?
143,33984720?
144,134320884
145,138513277
146,97674446?
147,82140806?
148,160890882
149,118695863
150,15597739?
151,104056690
152,18086297?
153,20811683?
154,91789890?
155,96109608?
156,14162033?
157,139196676
158,110694624
159,168884419
160,167173339
161,164971435
162,144021973
163,160684266
164,167794806
165,155164281
166,146866718
167,20665598?
168,22472581?
169,34740857?
170,71583021?
171,169395069
172,25451991?
173,77390752?
174,21616584?
175,69296752?
176,18317757?
177,48290432?
178,45109819?
179,24688115?
180,34560682?
181,67029833?
182,169394947
183,49511947?
184,169395045
185,47126709?
186,27688267?
187,79737098?
188,2666783?f
189,169394865
190,31649199?
191,169395091
192,144866873
193,163570678
194,133631096
195,169394688
196,100417177
197,49445290?
198,169394584
199,44701171?
200,168494721
201,62672044?
202,153405262
203,167220755
204,91842185?
205,42831271?
206,164975339
207,138516793
208,49017833?
209,169394722
210,163255317
211,38637008?
212,82162467?
213,50112363?
214,111283035
215,154900980
216,37993209?
217,152562031
218,98840867?
219,119103140
220,62940335?
221,41955406?
222,125745348
223,43040419?
224,26682741?
225,119323305
226,48763342?
227,37153261?
228,32845189?
229,27457826?
230,37317507?
231,115899770
232,139340186
233,43654471?
234,157060178
235,49235501?
236,71351862?
237,23320895?
238,13712784?
239,39527283?
240,162747325
241,83842264?
242,159848392
243,19683386?
244,112397195
245,160236273
246,164143976
247,22125319?
248,3539078?f
249,12801429?
250,120479338
251,69056524?
252,82112987?
253,18521552?
254,14383688?
255,131863080
256,116251462
257,168398678
258,169196372
259,120744188
260,165633963
261,165476072
262,53411943?
263,163949787
264,28833881?
265,36781092?
266,154406329
267,42722905?
268,47351645?
269,167136672
270,27551889?
271,160634808
272,41564825?
273,43282103?
274,142739819
275,29853376?
276,30138618?
277,76430408?
278,133567274
279,44210633?
280,73587647?
281,22746389?
282,25117328?
283,15620682?
284,32870303?
285,40467111?
286,44780974?
287,163347861
288,4901111?f
289,144517803
290,39483836?
291,110750803
292,96042413?
293,62671244?
294,162409110
295,30547668?
296,38614384?
297,112114360
298,29359270?
299,49616501?
300,59981994?
301,145111406
302,133831593
303,42583707?
304,169332111
305,152425600
306,36909018?
307,149388191
308,20709982?
309,164578098
310,58325981?
311,32029703?
312,124543291
313,75686547?
314,99198971?
315,151450221
316,126126149
317,166827650
318,149807012
319,157635718
320,109077888
321,112825979
322,97564998?
323,70258282?
324,125396668
325,145155116
326,70124515?
327,109998518
328,142691420
329,156585906
330,154330583
331,130051914
332,75517753?
333,162313412
334,143237807
335,107599282
336,144528829
337,154866045
338,57934540?
339,168781007
340,138287913
341,155878732
342,22598146?
343,158037661
344,134159549
345,162450880
346,144408990
347,139722315
348,159935688
349,138736145
350,135391485
351,23654800?
352,136432342
353,156558247
354,135255747
355,139302601
356,149415130
357,158204046
358,168224324
359,169147113
360,95568373?
361,35090331?
362,75989498?
363,108356890
364,164284416
365,28389869?
366,23683441?
367,26723619?
368,155645182
369,87511766?
370,162051977
371,56410801?
372,96571160?
373,16583398?
374,163514488
375,100251944
376,105879755
377,150308926
378,31150452?
379,42815153?
380,69923986?
381,161929467
382,33460790?
383,93707092?
384,79205049?
385,107545153
386,99281515?
387,76730358?
388,97088926?
389,82222245?
390,139038467
391,72106279?
392,139665534
393,117789168
394,72966164?
395,78119620?
396,83706116?
397,78893219?
398,70539942?
399,108365526
400,77665574?
401,87492739?
402,145739997
403,130431344
404,74996905?
405,132492523
406,117803050
407,60229606?
408,47121752?
409,43681758?
410,56537633?
411,35423275?
412,44224136?
413,82090176?
414,40730527?
415,108035548
416,121487593
417,29483657?
418,134678315
419,109204353
420,44968975?
421,20651002?
422,168761629
423,30846443?
424,31529000?
425,141776250
426,150656392
427,36413870?
428,27134831?
429,36805556?
430,118723011
431,20507315?
432,96235745?
433,43607847?
434,131758306
435,115289013
436,54956464?
437,129112301
438,144571866
439,90951118?
440,28248088?
441,169033252
442,82397379?
443,163759381
444,81996384?
445,46985481?
446,28375391?
447,81342245?
448,143195751
449,40288818?
450,32430869?
451,164731297
452,24912911?
453,36266820?
454,50170709?
455,142135952
456,133011279
457,133472040
458,135204297
459,142656501
460,152381386
461,163951528
462,82035534?
463,65796541?
464,156626378
465,23630396?
466,53296867?
467,102320784
468,65292158?
469,164343606
470,86674733?
471,27657422?
472,148008739
473,68781883?
474,142713720
475,119167039
476,168985016
477,141312998
478,44795246?
479,89446597?
480,55080162?
481,161168543
482,118542799
483,71089678?
484,95695910?
485,109104400
486,159009013
487,11753702?
488,102929302
489,163958386
490,163792136
491,68662896?
492,162169445
493,40584374?
494,161218486
495,97090264?
496,143799543
497,31988250?
498,157333923
499,57381735?
500,165066059
501,126720555
502,144719298
503,154307056
504,168932405
505,151641610
506,135438958
507,111018419
508,168932890
509,99789434?
510,143840382
511,154990137
512,31461526?
513,23214228?
514,146733086
515,76984058?
516,107626986
517,146046310
518,134672419
519,145222096
520,139836975
521,64359333?
522,145133872
523,136486099
524,101964119
525,47691326?
526,26104312?
527,155203149
528,125762886
529,144064316
530,131730085
531,113118011
532,107817756
533,149082013
534,47235547?
535,168903502
536,134657298
537,42275389?
538,92790664?
539,168932244
540,38938185?
541,119094581
542,48220345?
543,20549097?
544,78253565?
545,142227685
546,168932319
547,133660502
548,163778596
549,111317161
550,46995748?
551,156185723
552,168873016
553,64436740?
554,158434758
555,159885190
556,168872840
557,90750212?
558,168872885
559,70164069?
560,71151241?
561,47161273?
562,73508510?
563,158263173
564,168872871
565,82883088?
566,168872897
567,98740756?
568,111460141
569,123020473
570,108496086
571,149899518
572,163701554
573,95978355?
574,18786869?
575,75718711?
576,130893639
577,28169892?
578,42324102?
579,30954341?
580,51289820?
581,36597967?
582,28917872?
583,38794156?
584,21528751?
585,33319275?
586,111872814
587,38957219?
588,39723521?
589,58376376?
590,34502860?
591,168769567
592,139404320
593,168769608
594,168769898
595,50316397?
596,13942077?
597,40688680?
598,168770155
599,43598742?
600,168622875
601,46822848?
602,91792166?
603,167019499
604,122480830
605,45103085?
606,168665119
607,118516195
608,168611788
609,50875236?
610,97442390?
611,14414944?
612,168665154
613,168665083
614,95925279?
615,160305470
616,11917281?
617,88794758?
618,35572550?
619,168577033
620,97429013?
621,81048277?
622,131769216
623,168750290
624,28121188?
625,168558227
626,168557936
627,159419950
628,98436760?
629,28026384?
630,168558024
631,168534802
632,42406095?
633,64372403?
634,34937226?
635,16595795?
636,27934610?
637,28624757?
638,158045781
639,168558119
640,162132015
641,22315136?
642,164282565
643,32880034?
644,16549890?
645,28530420?
646,168568174
647,168558148
648,30666534?
649,16969638?
650,76350211?
651,103856991
652,161131616
653,119236147
654,126624891
655,106919890
656,160999378
657,55047165?
658,116088234
659,119479896
660,39760829?
661,29877549?
662,33540135?
663,154612788
664,168316277
665,99595074?
666,119551328
667,45537642?
668,166510936
669,75708789?
670,132027424
671,90759748?
672,139951238
673,141252308
674,124722984
675,112143582
676,54416821?
677,165987128
678,147497183
679,63750437?
680,76515572?
681,71049412?
682,115577580
683,110837129
684,27283729?
685,81191630?
686,106859771
687,37384760?
688,146324673
689,86597862?
690,83003351?
691,47685745?
692,17423023?
693,127695558
694,105037805
695,168390277
696,151274450
697,99846415?
698,119930897
699,162571403
700,35040814?
701,167338463
702,145319435
703,150346510
704,161399788
705,45830028?
706,153479086
707,138971988
708,153160185
709,42018084?
710,145633987
711,160114069
712,168289819
713,154682422
714,134647982
715,108580027
716,145991987
717,45950674?
718,153868421
719,26023297?
720,143073233
721,12951948?
722,168175666
723,132925052
724,70210527?
725,34913706?
726,168245361
727,168214547
728,144311526
729,42717126?
730,96416375?
731,99149559?
732,67627371?
733,34206363?
734,122101596
735,85313473?
736,168214634
737,75580655?
738,90364911?
739,164346052
740,92037258?
741,151513058
742,24599361?
743,39771554?
744,169672281
745,63187227?
746,169521144
747,168610036
748,168491413
749,111210336
750,169672038
751,169643892
752,168674928
753,169585908
754,63648974?
755,26557397?
756,169708892
757,168490309
758,169672157
759,133484533
760,169643726
761,169707382
762,119348132
763,168818346
764,49712124?
765,169640819
766,169707978
767,40330865?
768,169636148
769,169491463
770,169474064
771,169503834
772,169503356
773,169506006
774,169503972
775,169500168
776,169476164
777,169063347
778,169410113
779,169157790
780,169221666
781,169482082
782,169155782
783,169503618
784,169256293
785,169620247
786,169381457
787,169556726
788,169393183
789,169661825
790,166845035
791,164292584
792,166648082
793,168638593
794,162687229
795,163906578
796,168995028
797,167528812
798,168472599
799,167696671
800,168111186
801,165163750
802,168191419
803,163187873
804,166913877
805,163624994
806,168806698
807,168861167
808,162873660
809,165786648
810,165428325
811,168849254
812,165031029
813,167803923
814,157527891
815,151158451
816,143599282
817,144836011
818,148819356
819,144841311
820,152141251
821,154081900
822,159992537
823,160852981
824,153053563
825,161648132
826,148260970
827,161626643
828,159324020
829,159627400
830,155632494
831,158618723
832,160719924
833,154811658
834,156518566
835,147765399
836,160825670
837,161359525
838,134508407
839,58234195?
840,115788869
841,81191741?
842,92986126?
843,92770241?
844,78975745?
845,46251280?
846,99877751?
847,106039547
848,46614526?
849,106950531
850,141252411
851,70461486?
852,121069720
853,96807708?
854,128358108
855,90636468?
856,66653717?
857,100210157
858,100433723
859,88086981?
860,108160560
861,60384905?
862,169600705
863,169663336
864,169484120
865,169600378
866,169150814
867,169630825
868,169433091
869,169362110
870,169664181
871,168467931
872,169600643
873,169574210
874,169602857
875,168688010
876,169588505
877,169679127
878,168508123
879,169485054
880,169618991
881,169683389
882,169682668
883,169618448
884,169631851
885,168712393
886,160158818
887,160990896
888,168186918
889,166976086
890,167592300
891,154675600
892,159822375
893,161731284
894,167859277
895,165340306
896,167105870
897,161034437
898,165449433
899,156309122
900,149890010
901,148820381
902,167490517
903,156705940
904,159875863
905,167489618
906,166047801
907,166938282
908,166378342
909,168265458
910,143358067
911,119226105
912,74504277?
913,71857431?
914,89453547?
915,114579836
916,93286509?
917,101194792
918,142417287
919,76249528?
920,101668467
921,135490850
922,147865433
923,131929070
924,143561245
925,136853032
926,169623921
927,113091878
928,92988313?
929,169627777
930,122604801
931,61914197?
932,133718235
933,140474974
934,160123795
935,164147789
936,168924489
937,169386112
938,169586516
939,168498901
940,169104263
941,169608844
942,169435692
943,158767126
944,169400009
945,169432060
946,162765169
947,168752938
948,169119913
949,169431474
950,168765458
951,168897764
952,167816919
953,162878356
954,168953213
955,168595993
956,164711810
957,164536452
958,146733629
959,79320609?
960,157596689
961,155432121
962,169486022
963,169387400
964,136153367
965,94865186?
966,169518408
967,169354831
968,109083188
969,169573406
970,128577665
971,169392605
972,114356208
973,149636710
974,126889917
975,152581929
976,55182109?
977,152246202
978,169624847
979,95144974?
980,169622258
981,158242426
982,165018495
983,167815458
984,169174964
985,149076752
986,169142513
987,169209645
988,149287603
989,164037951
990,169209087
991,162374154
992,153725549
993,169209105
994,169078074
995,166268738
996,169174783
997,136666831
998,165718229
999,168952410
1000,162276708
1001,169095851
1002,159373970
1003,169058685
1004,153581387
1005,164249349
1006,116955532
1007,168510193
1008,131311996
1009,96262313?
1010,121512893
1011,168991063
1012,169553395
1013,169521624
1014,120492786
1015,112898245
1016,169579300
1017,169563762
1018,169364680
1019,168665395
1020,169572244
1021,168677969
1022,169531292
1023,169431801
1024,169535835
1025,169543205
1026,168624516
1027,169348848
1028,169212792
1029,169585381
1030,97206397?
1031,166465307
1032,149860596
1033,168871213
1034,169531220
1035,138314313
1036,169075336
1037,41186355?
1038,167344929
1039,157875112
1040,72262147?
1041,169557315
1042,169021485
1043,82293206?
1044,169337911
1045,169334222
1046,142861625
1047,169336153
1048,90788304?
1049,71961161?
1050,138235780
1051,169033216
1052,169499145
1053,116268141
1054,64092638?
1055,169302441
1056,169286462
1057,168462753
1058,160529907
1059,169278490
1060,133240788
1061,168556894
1062,168743498
1063,74638332?
1064,143996106
1065,165036832
1066,65429933?
1067,168025654
1068,169465348
1069,161911045
1070,164469319
1071,162663027
1072,168991090
1073,168517243
1074,155179510
1075,163749974
1076,146035894
1077,84566313?
1078,169375121
1079,150817813
1080,168713617
1081,137236114
1082,151394154
1083,169428077
1084,155150600
1085,127539573
1086,161399493
1087,128423757
1088,152501550
1089,162717636
1090,63488478?
1091,98582218?
1092,140854916
1093,165564871
1094,77929055?
1095,169444316
1096,156050046
1097,169416411
1098,159880232
1099,145249386
1100,141699982
1101,90163496?
1102,169257427
1103,168892204
1104,106752907
1105,169063169
1106,167956224
1107,168928324
1108,167088514
1109,169256690
1110,167487544
1111,150022086
1112,165742354
1113,122124370
1114,167957594
1115,142241852
1116,168918817
1117,169313248
1118,163866814
1119,157457405
1120,139740375
1121,169170786
1122,129181510
1123,151618782
1124,169437914
1125,85106268?
1126,164994046
1127,154094129
1128,169227678
1129,169215627
1130,156550258
1131,161109026
1132,156404497
1133,152534947
1134,168971234
1135,169399172
1136,169233663
1137,169235406
1138,169220313
1139,149969910
1140,142960128
1141,159805395
1142,169051806
1143,152607083
1144,145068829
1145,169189895
1146,169232937
1147,169220118
1148,168725857
1149,169137175
1150,169390984
1151,169169833
1152,161605050
1153,165941146
1154,161912884
1155,169371337
1156,134492198
1157,162564140
1158,78012937?
1159,168312630
1160,110704996
1161,111627966
1162,163023130
1163,161944803
1164,169329056
1165,168753944
1166,108851132
1167,161619858
1168,165101437
1169,169204376
1170,169383177
1171,165714682
1172,118718714
1173,162764783
1174,149606305
1175,161185372
1176,138249145
1177,134327070
1178,152699347
1179,150322114
1180,152916333
1181,161130336
1182,153594580
1183,157585601
1184,135641734
1185,155541068
1186,134223051
1187,149810192
1188,152913388
1189,151311466
1190,160615983
1191,144195673
1192,161399015
1193,147759553
1194,150083290
1195,152258736
1196,152316322
1197,150651563
1198,168625570
1199,169368918
1200,162959701
1201,112100109
1202,160647395
1203,169151841
1204,169334527
1205,161436322
1206,168975577
1207,164346258
1208,161330502
1209,169146503
1210,169376023
1211,161116364
1212,90895814?
1213,94850135?
1214,161425788
1215,130414731
1216,81386016?
1217,95796862?
1218,125534074
1219,52367172?
1220,115436336
1221,161066603
1222,159629268
1223,154508542
1224,151075706
1225,151991115
1226,151247136
1227,153740913
1228,124314575
1229,158751683
1230,148144665
1231,151682598
1232,152081673
1233,144271558
1234,150457870
1235,152691515
1236,143704997
1237,156859336
1238,137318425
1239,119405231
1240,159986580
1241,154735162
1242,156146481
1243,154000116
1244,158023841
1245,125316829
1246,161695581
1247,77471534?
1248,74936621?
1249,164747020
1250,162664318
1251,165220541
1252,169038623
1253,162000761
1254,164468549
1255,164344416
1256,112958602
1257,167272434
1258,163280446
1259,163431354
1260,96036305?
1261,161984386
1262,169236017
1263,166203022
1264,169306896
1265,169258728
1266,168224644
1267,165187586
1268,104065521
1269,169278144
1270,158360594
1271,88451941?
1272,145019660
1273,133910157
1274,107947479
1275,142602584
1276,138223028
1277,107910834
1278,101138019
1279,158325687
1280,104153536
1281,103391188
1282,141377557
1283,146273485
1284,149664311
1285,139119759
1286,130555728
1287,146465427
1288,122708633
1289,86413254?
1290,144680261
1291,107243252
1292,149446686
1293,151022330
1294,84685617?
1295,169086596
1296,165651123
1297,159068780
1298,169073061
1299,166110552
1300,169075220
1301,159574007
1302,169240479
1303,165779591
1304,46327386?
1305,63061197?
1306,157819764
1307,168924885
1308,169053033
1309,60842298?
1310,166216079
1311,168696424
1312,77478285?
1313,169056292
1314,59240699?
1315,167530784
1316,168767296
1317,165833723
1318,141369552
1319,59734049?
1320,139118117
1321,105876598
1322,92964594?
1323,152904636
1324,134161777
1325,147784269
1326,157003803
1327,153332650
1328,112370782
1329,169208268
1330,144865047
1331,153080407
1332,165551250
1333,133320619
1334,151654972
1335,165500538
1336,145671454
1337,164373434
1338,128210282
1339,169214742
1340,80816359?
1341,130671620
1342,107864642
1343,165422076
1344,168927331
1345,168403033
1346,146207361
1347,167822234
1348,161425626
1349,157207439
1350,169137421
1351,159499753
1352,151879767
1353,169188305
1354,161136633
1355,107508157
1356,150559545
1357,169034625
1358,160745730
1359,108645826
1360,116252268
1361,100234174
1362,158595041
1363,151957841
1364,166787670
1365,157235561
1366,92244617?
1367,161027445
1368,168484412
1369,161177592
1370,167565397
1371,150760296
1372,169191930
1373,90054905?
1374,158530999
1375,163430206
1376,169169655
1377,158329240
1378,168136588
1379,93503766?
1380,157097552
1381,168332222
1382,168951454
1383,162561816
1384,169036879
1385,165601506
1386,164950798
1387,168713349
1388,169156854
1389,153410005
1390,163429336
1391,165893506
1392,164149314
1393,139295149
1394,164566079
1395,168259125
1396,169169381
1397,66927632?
1398,165032320
1399,165160232
1400,169081730
1401,109005228
1402,162812249
1403,162517203
1404,162603146
1405,141995812
1406,165287783
1407,164126136
1408,169128388
1409,164609734
1410,145167557
1411,121683828
1412,165131493
1413,164103166
1414,120172210
1415,150792045
1416,153835903
1417,147657540
1418,104364787
1419,161009413
1420,159300976
1421,150031803
1422,82455889?
1423,153669768
1424,115299006
1425,158736707
1426,161245030
1427,160364152
1428,156727389
1429,126840928
1430,120499159
1431,144310691
1432,155342943
1433,134817251
1434,154130417
1435,161913000
1436,161827370
1437,144720740
1438,160095814
1439,151716764
1440,163420200
1441,93449929?
1442,169041715
1443,77813001?
1444,168807648
1445,166469326
1446,168950374
1447,160225337
1448,144613128
1449,168035568
1450,164721706
1451,165359231
1452,168940737
1453,151360534
1454,159473459
1455,149636820
1456,168940007
1457,168949838
1458,147628626
1459,167770928
1460,169132432
1461,168953064
1462,165673271
1463,149870592
1464,158753555
1465,169029859
1466,169036361
1467,149196312
1468,168914310
1469,153609621
1470,46269498?
1471,112604328
1472,163313138
1473,168740816
1474,168919884
1475,166483495
1476,87997027?
1477,111491210
1478,167273688
1479,168602958
1480,168996702
1481,169090625
1482,169030946
1483,159889836
1484,165044032
1485,167273930
1486,132003775
1487,168934856
1488,168869513
1489,168116423
1490,169004145
1491,63095763?
1492,169003761
1493,165815121
1494,161923160
1495,167709470
1496,168796090
1497,141127267
1498,167263905
1499,166618944
1500,167531818
1501,133331461
1502,168984360
1503,163285300
1504,167269293
1505,167493006
1506,164212750
1507,168980559
1508,168660083
1509,167284830
1510,148119874
1511,154893841
1512,168944434
1513,161549818
1514,168375438
1515,168868251
1516,168745190
1517,161534396
1518,168823995
1519,167944135
1520,168931323
1521,168937225
1522,146590013
1523,161692376
1524,158758756
1525,168671834
1526,151754615
1527,138825121
1528,168680165
1529,104155242
1530,167147885
1531,168747135
1532,168791701
1533,168545444
1534,167894724
1535,166164806
1536,168875055
1537,142928087
1538,160804243
1539,168717388
1540,168688282
1541,54666766?
1542,167918653
1543,168888454
1544,118798796
1545,150813893
1546,168863429
1547,159391269
1548,168889575
1549,168866608
1550,168734341
1551,89016245?
1552,142492837
1553,168684936
1554,168791639
1555,168125643
1556,167092493
1557,130262949
1558,168482037
1559,168658052
1560,166781840
1561,166692243
1562,168603002
1563,168859831
1564,168842212
1565,168814989
1566,164531592
1567,168290930
1568,148206365
1569,168572223
1570,168677011
1571,168633264
1572,168828131
1573,152111775
1574,167311428
1575,167976354
1576,168639907
1577,167771833
1578,73945941?
1579,71717731?
1580,168519753
1581,114001160
1582,110790401
1583,94320870?
1584,149316271
1585,168549170
1586,168783233
1587,156901014
1588,142641943
1589,162114300
1590,165953248
1591,139384804
1592,112945530
1593,168526777
1594,71211322?
1595,91916747?
1596,165815476
1597,168546958
1598,166606238
1599,168352794
1600,93908867?
1601,167992420
1602,168791254
1603,166224784
1604,163772084
1605,168792250
1606,134142157
1607,166243487
1608,116976265
1609,167595457
1610,150520852
1611,167794997
1612,168515071
1613,166800574
1614,83580498?
1615,166985036
1616,168674469
1617,151063390
1618,167632020
1619,168500211
1620,163964047
1621,161363867
1622,167384641
1623,164362480
1624,120081243
1625,167360917
1626,167374693
1627,164473987
1628,165851703
1629,167617819
1630,167363905
1631,118563572
1632,168470860
1633,105268501
1634,149696808
1635,151315156
1636,109238396
1637,98739019?
1638,168679511
1639,168657970
1640,159050302
1641,161044037
1642,168676917
1643,168477226
1644,147885388
1645,153206400
1646,167346800
1647,153535016
1648,168425530
1649,165175571
1650,164184233
1651,103323108
1652,168646544
1653,133229601
1654,168567828
1655,127325112
1656,162218975
1657,37493681?
1658,166468694
1659,168555516
1660,168592939
1661,160716746
1662,109797073
1663,165434173
1664,167906448
1665,165813136
1666,118703876
1667,166873302
1668,166808932
1669,167326834
1670,168409905
1671,161642572
1672,168154036
1673,146535776
1674,165805888
1675,102114411
1676,168326050
1677,153866535
1678,168430947
1679,162662995
1680,166691924
1681,168403157
1682,168508997
1683,162623475
1684,165026214
1685,166156324
1686,165996887
1687,159191037
1688,166768248
1689,165407979
1690,166691728
1691,168511050
1692,166077959
1693,165895161
1694,162669559
1695,166297694
1696,166330522
1697,166569390
1698,165775010
1699,165488441
1700,166472511
1701,168488241
1702,135480926
1703,78482094?
1704,168565086
1705,116216529
1706,154237066
1707,141361650
1708,141260079
1709,165221657
1710,168489798
1711,105843631
1712,168565284
1713,150323612
1714,102368978
1715,74465373?
1716,110477693
1717,98653859?
1718,115948939
1719,161866858
1720,166386218
1721,144491449
1722,151821778
1723,160325245
1724,168550318
1725,168352918
1726,163477882
1727,168335448
1728,83698680?
1729,168527444
1730,168223242
1731,149244557
1732,168510132
1733,158255414
1734,142188997
1735,159988065
1736,167665911
1737,144954069
1738,102040180
1739,168384058
1740,168384888
1741,168299296
1742,149520973
1743,168297226
1744,166731440
1745,116411730
1746,168515080
1747,167680225
1748,163997851
1749,165652424
1750,165446164
1751,165104195
1752,156651403
1753,154716102
1754,164290428
1755,157036883
1756,163459466
1757,165347933
1758,165121380
1759,163821763
1760,164825624
1761,162021913
1762,157245327
1763,155163489
1764,158496189
1765,164074074
1766,164035003
1767,163606788
1768,154358945
1769,165365059
1770,155111472
1771,162436400
1772,165878981
1773,160744091
1774,94271426?
1775,108397879
1776,142470860
1777,151297395
1778,147316520
1779,150740549
1780,148485084
1781,137008187
1782,85992932?
1783,95910409?
1784,149502003
1785,146371520
1786,151757722
1787,116384931
1788,134243587
1789,154095351
1790,150759813
1791,150309979
1792,147153767
1793,116962640
1794,102278098
1795,133319944
1796,153124947
1797,148853031
1798,74787336?
1799,168433435
1800,38065258?
1801,168408930
1802,168420807
1803,155610098
1804,165780053
1805,168373686
1806,163420863
1807,155404272
1808,93494836?
1809,156566320
1810,74611552?
1811,168227086
1812,156048091
1813,142684964
1814,167730564
1815,63068682?
1816,167850297
1817,168414941
1818,165206283
1819,166677426
1820,167938788
1821,167955663
1822,155486787
1823,167248314
1824,167957605
1825,168387029
1826,167895589
1827,164818918
1828,168404834
1829,168204242
1830,168384584
1831,168373355
1832,168155194
1833,168385864
1834,168372917
1835,168408750
1836,168117479
1837,161726356
1838,163831388
1839,164842189
1840,161685905
1841,140409686
1842,168140601
1843,168299501
1844,168197325
1845,168281545
1846,146694637
1847,163190559
1848,151900771
1849,165180051
1850,168106910
1851,168155230
1852,168354559
1853,168119048
1854,85987997?
1855,117120507
1856,168146896
1857,146014556
1858,156534157
1859,137542300
1860,168352455
1861,162318061
1862,160208886
1863,167274347
1864,165639147
1865,107817580
1866,168360879
1867,133080681
1868,152059091
1869,145525228
1870,169274304
1871,168673589
1872,144861965
1873,137173234
1874,168928834
1875,113595756
1876,137391449
1877,168407480
1878,169342646
1879,142721367
1880,169600328
1881,169638324
1882,169552941
1883,169719496
1884,138338983
1885,168558826
1886,65575667?
1887,169709540
1888,158639070
1889,157987075
1890,169618711
1891,168769214
1892,156851224
1893,165250755
1894,164306018
1895,154730778
1896,169660024
1897,156395549
1898,156837532
1899,169285185
1900,167707714
1901,159014095
1902,155013933
1903,165627147
1904,169653480
1905,169696436
1906,166169167
1907,168912507
1908,157954253
1909,153717678
1910,163271404
1911,162199079
1912,126010855
1913,147276764
1914,150476042
1915,151785050
1916,141531644
1917,146062843
1918,148193477
1919,145086094
1920,146023765
1921,136555380
1922,136243850
1923,150911314
1924,131940744
1925,149310043
1926,125610445
1927,144515617
1928,152904685
1929,139749246
1930,119404638
1931,137400801
1932,149582786
1933,144790029
1934,120030376
1935,139051135
1936,98228169?
1937,90825812?
1938,105983347
1939,112855956
1940,100463819
1941,86254261?
1942,110631619
1943,86658264?
1944,87857147?
1945,87404230?
1946,94999297?
1947,84997518?
1948,119080975
1949,110879160
1950,101655868
1951,109342208
1952,111155541
1953,86724486?
1954,109357785
1955,99508301?
1956,113783128
1957,115854614
1958,95939509?
1959,101829240
1960,53103202?
1961,62772374?
1962,58995306?
1963,56297607?
1964,80566479?
1965,74722797?
1966,55171984?
1967,73485038?
1968,65263249?
1969,79365853?
1970,69131445?
1971,82592863?
1972,56438758?
1973,82465402?
1974,53332317?
1975,67557964?
1976,69108468?
1977,62547259?
1978,54910684?
1979,67709728?
1980,67146610?
1981,70711595?
1982,56421185?
1983,77763273?
1984,50241971?
1985,51904504?
1986,44524442?
1987,43132230?
1988,47138921?
1989,47250525?
1990,47495601?
1991,45904318?
1992,47601525?
1993,44793067?
1994,43882276?
1995,42005042?
1996,49097064?
1997,41985412?
1998,52361512?
1999,40622690?
2000,48689363?
2001,43201737?
2002,46810490?
2003,41946155?
2004,47046292?
2005,44192748?
2006,48753276?
2007,51126362?
2008,32078539?
2009,27487109?
2010,28443047?
2011,29909700?
2012,25371646?
2013,28152646?
2014,27801782?
2015,33132740?
2016,35804334?
2017,25808670?
2018,37808811?
2019,39647788?
2020,27995415?
2021,28296833?
2022,29153358?
2023,36944064?
2024,38793744?
2025,27029686?
2026,35438931?
2027,29433767?
2028,38350415?
2029,38056659?
2030,35809863?
2031,31375736?
2032,24952892?
2033,24874693?
2034,13038744?
2035,21221556?
2036,13107402?
2037,14892526?
2038,19160644?
2039,18174314?
2040,22354715?
2041,19843964?
2042,23581208?
2043,19277561?
2044,13232353?
2045,14382594?
2046,15830796?
2047,24149956?
2048,18893273?
2049,17852711?
2050,16085555?
2051,19792241?
2052,13147723?
2053,22623304?
2054,17338234?
2055,21521698?
2056,153189190
2057,164989140
2058,5127375?f
2059,166211054
2060,1255451?f
2061,147904982
2062,2280044?f
2063,155086615
2064,166176439
2065,161397595
2066,12940205?
2067,152310703
2068,165841014
2069,149103028
2070,3232971?f
2071,1298080?f
2072,12927972?
2073,2261696?f
2074,165679278
2075,169408102
2076,154487689
2077,167790782
2078,165419563
2079,161584641
2080,119272036
2081,107054764
2082,135778098
2083,112808117
2084,143984865
2085,106393106
2086,112111780
2087,139297215
2088,116820736
2089,131914555
2090,126699115
2091,133920988
2092,136141749
2093,145580896
2094,138748938
2095,144994096
2096,102289283
2097,126936988
2098,117931896
2099,111048766
2100,113941583
2101,112910258
2102,115234297
2103,167140582
2104,60151242?
2105,54833685?
2106,73794642?
2107,93773168?
2108,51539253?
2109,55432622?
2110,95654752?
2111,70840919?
2112,58778692?
2113,73425389?
2114,57108912?
2115,85746876?
2116,56750705?
2117,75057214?
2118,62169300?
2119,81510611?
2120,90010664?
2121,66622804?
2122,77932266?
2123,71644824?
2124,90881340?
2125,74900055?
2126,79763778?
2127,54216013?
2128,31864339?
2129,50741404?
2130,33297757?
2131,39145777?
2132,48359458?
2133,40691674?
2134,40506745?
2135,29081418?
2136,30101370?
2137,33474471?
2138,28429170?
2139,38310485?
2140,47406855?
2141,30765316?
2142,49229493?
2143,38646998?
2144,46748830?
2145,46904004?
2146,42383350?
2147,41203281?
2148,30198216?
2149,50633177?
2150,31486813?
2151,30090360?
2152,13942590?
2153,19848708?
2154,22856470?
2155,14890560?
2156,22229560?
2157,19901215?
2158,24062427?
2159,27217816?
2160,23345845?
2161,22342886?
2162,19517327?
2163,21960995?
2164,18416918?
2165,21330072?
2166,12000464?
2167,27313081?
2168,17323710?
2169,25005506?
2170,21905399?
2171,17879682?
2172,27121804?
2173,24695383?
2174,17354509?
2175,21821404?
2176,122209078
2177,136721163
2178,148222685
2179,155915832
2180,156999110
2181,96852515?
2182,168476913
2183,150180441
2184,169392021
2185,4828887?f
2186,155941703
2187,110694624
2188,107433793
2189,91789890?
2190,159275169
2191,83978754?
2192,1217210?f
2193,101493088
2194,97248284?
2195,156956872
2196,168184481
2197,123063487
2198,1113127?f
2199,49290321?
2200,24211138?
2201,40791522?
2202,20878222?
2203,34740857?
2204,35170533?
2205,47126709?
2206,22065927?
2207,61462310?
2208,28251745?
2209,80344816?
2210,37930404?
2211,53163777?
2212,53519313?
2213,43825482?
2214,33910649?
2215,68115699?
2216,22317581?
2217,66592860?
2218,36537162?
2219,74152636?
2220,55252924?
2221,48265307?
2222,36512788?
2223,150669514
2224,16381154?
2225,147486653
2226,1113165?f
2227,168257001
2228,2389369?f
2229,114741823
2230,131014519
2231,138516793
2232,130367077
2233,165305109
2234,14846769?
2235,113810748
2236,18317757?
2237,14820073?
2238,126082391
2239,107593665
2240,142548906
2241,123129714
2242,17739732?
2243,142510126
2244,2019815?f
2245,1152798?f
2246,13269974?
2247,59645716?
2248,49017833?
2249,56317551?
2250,91842185?
2251,12892585?
2252,101962814
2253,37577063?
2254,15227919?
2255,102223772
2256,44701171?
2257,15879200?
2258,19117085?
2259,15454962?
2260,24283730?
2261,60779563?
2262,44286129?
2263,79598739?
2264,22097914?
2265,59796859?
2266,96415748?
2267,22616633?
2268,98600158?
2269,13712784?
2270,57159153?
2271,154989244
2272,3100653?f
2273,12715825?
2274,153543322
2275,35155622?
2276,1225789?f
2277,38309516?
2278,98840867?
2279,143233889
2280,167817753
2281,32082307?
2282,107402042
2283,71368411?
2284,122973383
2285,32845189?
2286,22012229?
2287,120242161
2288,132946205
2289,58848267?
2290,27612445?
2291,97151473?
2292,152229498
2293,67369657?
2294,161169682
2295,3238165?f
2296,34997265?
2297,13005506?
2298,52043718?
2299,34357522?
2300,12801429?
2301,14383688?
2302,169339850
2303,4731986?f
2304,17812680?
2305,151200598
2306,108043592
2307,35289465?
2308,150780318
2309,22655677?
2310,155368896
2311,19683386?
2312,166172201
2313,9629821?f
2314,14935003?
2315,5038624?f
2316,169421031
2317,17950158?
2318,19860179?
2319,148628372
2320,112388152
2321,91932634?
2322,33878659?
2323,88055144?
2324,35031717?
2325,35200834?
2326,13338043?
2327,70237748?
2328,71877095?
2329,152148282
2330,91102587?
2331,148080715
2332,30797104?
2333,71713798?
2334,83506042?
2335,57633668?
2336,78755549?
2337,110737789
2338,111137365
2339,37607540?
2340,123031085
2341,89262725?
2342,40280372?
2343,29359270?
2344,132488933
2345,1273059?f
2346,79314779?
2347,22026042?
2348,46846806?
2349,22747373?
2350,169375594
2351,163623372
2352,14784375?
2353,30547668?
2354,141706410
2355,167743794
2356,160555875
2357,145996005
2358,105734899
2359,18619234?
2360,59981994?
2361,76641613?
2362,150627803
2363,59970509?
2364,32870097?
2365,43615134?
2366,3644420?f
2367,50657548?
2368,35069694?
2369,28560621?
2370,109158256
2371,22598146?
2372,153920730
2373,52931452?
2374,155878732
2375,18432607?
2376,138222649
2377,12520285?
2378,133613562
2379,140493254
2380,45761443?
2381,143607879
2382,144115629
2383,106084856
2384,102756715
2385,87511766?
2386,96311022?
2387,28962063?
2388,114994705
2389,108743449
2390,70866916?
2391,164284416
2392,117943283
2393,150266426
2394,13290117?
2395,98380930?
2396,28832644?
2397,18634434?
2398,94044236?
2399,135544474
2400,122792454
2401,98658757?
2402,32007071?
2403,152141839
2404,112113453
2405,146808056
2406,60452719?
2407,126759498
2408,57467992?
2409,21637204?
2410,31150452?
2411,56464169?
2412,114432840
2413,40956566?
2414,17833817?
2415,20982042?
2416,82456770?
2417,76965410?
2418,24111141?
2419,19425176?
2420,66244791?
2421,36805556?
2422,33573161?
2423,31529000?
2424,17708939?
2425,40730527?
2426,79559549?
2427,74679565?
2428,63552235?
2429,16722314?
2430,78893219?
2431,41806207?
2432,31126307?
2433,43681758?
2434,56379354?
2435,19437531?
2436,49176904?
2437,84239322?
2438,43391239?
2439,50895310?
2440,166148715
2441,26501881?
2442,100806194
2443,5804726?f
2444,36164211?
2445,151206408
2446,54883788?
2447,127529536
2448,7437765?f
2449,114508477
2450,25400060?
2451,26588533?
2452,34896765?
2453,133762284
2454,2614748?f
2455,160879223
2456,43607847?
2457,165802349
2458,54956464?
2459,14428864?
2460,15134522?
2461,123043205
2462,5349806?f
2463,150063442
2464,100738620
2465,15780078?
2466,70467669?
2467,41591733?
2468,45084191?
2469,147190217
2470,161038360
2471,162902183
2472,163741993
2473,12054588?
2474,51259158?
2475,168580602
2476,53907432?
2477,165042090
2478,168985103
2479,168816620
2480,45515318?
2481,40875086?
2482,32287878?
2483,53446497?
2484,4378780?f
2485,120022561
2486,149399146
2487,95695910?
2488,117045493
2489,117024398
2490,51248027?
2491,64359333?
2492,118979263
2493,36551414?
2494,124569208
2495,77525297?
2496,13372640?
2497,160700926
2498,109108691
2499,69945267?
2500,77144204?
2501,70735076?
2502,14068558?
2503,76984058?
2504,151981322
2505,70729025?
2506,77734540?
2507,41117551?
2508,135438958
2509,163154248
2510,45940974?
2511,148675925
2512,110231096
2513,20034522?
2514,93272751?
2515,78253565?
2516,18930801?
2517,18719282?
2518,149513532
2519,119629974
2520,60620632?
2521,132248801
2522,1668354?f
2523,26613285?
2524,34018637?
2525,135486769
2526,19972394?
2527,139829885
2528,115928606
2529,76115203?
2530,66747244?
2531,168939379
2532,76409318?
2533,115434756
2534,144064316
2535,104910369
2536,10861824?
2537,51081918?
2538,156778658
2539,2975838?f
2540,11081538?
2541,15904827?
2542,34817051?
2543,110454488
2544,139459323
2545,12469436?
2546,18722598?
2547,71151241?
2548,90710131?
2549,57657847?
2550,21168620?
2551,66255613?
2552,165334118
2553,28577487?
2554,109848124
2555,57828158?
2556,21444510?
2557,74059725?
2558,93728732?
2559,167168256
2560,168532409
2561,14667045?
2562,105962844
2563,113006495
2564,159510261
2565,16030854?
2566,75004655?
2567,82712020?
2568,64356536?
2569,107754730
2570,65210763?
2571,30410553?
2572,93368298?
2573,2701207?f
2574,27236181?
2575,139628137
2576,115100413
2577,26648097?
2578,151240071
2579,33414278?
2580,164105464
2581,145327200
2582,73296151?
2583,22036517?
2584,70733389?
2585,35052372?
2586,72272687?
2587,32004692?
2588,22315136?
2589,40290224?
2590,22113876?
2591,109924760
2592,27421158?
2593,168568093
2594,168568174
2595,57472823?
2596,110602756
2597,148353495
2598,106120286
2599,135723091
2600,35037673?
2601,166892033
2602,168558264
2603,24586415?
2604,37367845?
2605,94147665?
2606,168598762
2607,100810410
2608,84305725?
2609,112591381
2610,162132015
2611,93365259?
2612,86133311?
2613,103856991
2614,143099697
2615,39792188?
2616,23753539?
2617,1861993?f
2618,16969638?
2619,35550167?
2620,44390758?
2621,96488878?
2622,72180961?
2623,92450068?
2624,168528069
2625,135361158
2626,143044241
2627,33540135?
2628,44411133?
2629,145233768
2630,136558699
2631,143831399
2632,69756807?
2633,156690270
2634,49930310?
2635,167338463
2636,110620913
2637,168324427
2638,116053484
2639,118362555
2640,20385723?
2641,112877074
2642,159123182
2643,104346298
2644,36274678?
2645,1540836?f
2646,138879202
2647,161513594
2648,118480713
2649,107829494
2650,158393685
2651,15765416?
2652,4981774?f
2653,45744648?
2654,160785476
2655,3845268?f
2656,34913706?
2657,3030237?f
2658,168245361
2659,22647134?
2660,99149559?
2661,20871171?
2662,76574267?
2663,168214634
2664,31386024?
2665,41089381?
2666,64677123?
2667,45948552?
2668,168214680
2669,71095130?
2670,157024138
2671,44355217?
2672,168175666
2673,2719511?f
2674,126416550
2675,168261676
2676,1820002?f
2677,24319528?
2678,96565794?
2679,168375248
2680,169054019
2681,167978066
2682,169645938
2683,168634502
2684,169628040
2685,169336241
2686,169574654
2687,169067748
2688,169128848
2689,169671238
2690,169286721
2691,167270876
2692,169517865
2693,169650656
2694,169106396
2695,169518259
2696,167225267
2697,169661825
2698,167564049
2699,169517538
2700,168884305
2701,167831688
2702,155834266
2703,164292584
2704,156313470
2705,162662790
2706,166539842
2707,144649740
2708,153053563
2709,154460000
2710,156308723
2711,155778924
2712,162024236
2713,154327913
2714,146843587
2715,150251270
2716,156021388
2717,166928072
2718,160738146
2719,164213792
2720,165254281
2721,164492378
2722,166563126
2723,151590174
2724,165576591
2725,166648082
2726,90959687?
2727,142491471
2728,133025873
2729,120521323
2730,129001291
2731,134362979
2732,130199096
2733,133368069
2734,108505765
2735,129635491
2736,103359343
2737,144143397
2738,106392727
2739,89192146?
2740,137114760
2741,141640359
2742,123012399
2743,93866243?
2744,107753479
2745,133214935
2746,125876211
2747,125157028
2748,103870613
2749,137454493
2750,169078022
2751,77002227?
2752,169602925
2753,168732379
2754,87949063?
2755,169664170
2756,167771243
2757,168585526
2758,169192683
2759,169618448
2760,169587114
2761,168278584
2762,168658845
2763,63488478?
2764,169554689
2765,169661861
2766,168983328
2767,78793890?
2768,169608850
2769,168002042
2770,169600836
2771,168313792
2772,168550050
2773,168099509
2774,161373022
2775,150233400
2776,147925389
2777,137814249
2778,165390542
2779,164147357
2780,148764009
2781,156466255
2782,160795096
2783,152088970
2784,161814291
2785,167199603
2786,147865433
2787,159049094
2788,119282368
2789,161994705
2790,159822375
2791,133718235
2792,165343734
2793,133206123
2794,163376771
2795,148451993
2796,167731229
2797,122692513
2798,74719922?
2799,92988313?
2800,46432118?
2801,169440049
2802,81965777?
2803,169634692
2804,169551287
2805,163152029
2806,109587804
2807,168897764
2808,94203338?
2809,167725401
2810,169425917
2811,101194792
2812,162455836
2813,92519623?
2814,163832413
2815,166059397
2816,169263103
2817,166461236
2818,167543651
2819,102575121
2820,163441263
2821,73524712?
2822,169590947
2823,146733629
2824,93972745?
2825,148941027
2826,66649007?
2827,155541197
2828,167168183
2829,169591277
2830,168898953
2831,78951069?
2832,157426907
2833,81301764?
2834,46355057?
2835,149427522
2836,159422163
2837,160616994
2838,158528828
2839,65049757?
2840,169626907
2841,79320609?
2842,150235265
2843,147755692
2844,149358183
2845,61416024?
2846,121512893
2847,148112373
2848,158294755
2849,169046846
2850,169027694
2851,169505306
2852,162273191
2853,158931453
2854,133829812
2855,139213085
2856,168107117
2857,166701276
2858,151801937
2859,106300669
2860,166268738
2861,148068169
2862,85496363?
2863,169531292
2864,165243778
2865,167591501
2866,138314313
2867,157905416
2868,123142492
2869,167005302
2870,165712292
2871,168333583
2872,166381464
2873,80954255?
2874,168429758
2875,116555456
2876,169347899
2877,168382982
2878,165736796
2879,165183183
2880,159799810
2881,168147370
2882,168846464
2883,158558012
2884,103850675
2885,143728573
2886,158333629
2887,84178788?
2888,143672849
2889,169507916
2890,102467914
2891,162314593
2892,165053629
2893,169240673
2894,161147531
2895,167002059
2896,118718714
2897,80258057?
2898,36982969?
2899,95898684?
2900,168852478
2901,151618782
2902,154094129
2903,70311127?
2904,64257791?
2905,57125905?
2906,168431362
2907,155294879
2908,163895581
2909,159823651
2910,148461515
2911,153341269
2912,156950742
2913,136427519
2914,169257452
2915,160646777
2916,86007247?
2917,165093172
2918,161517686
2919,149873305
2920,46525531?
2921,75836838?
2922,161686778
2923,162371390
2924,126479681
2925,152073391
2926,165216123
2927,94513940?
2928,120184696
2929,156213521
2930,153546939
2931,111278801
2932,163156024
2933,145173477
2934,116263957
2935,128784667
2936,160982904
2937,109348353
2938,169358390
2939,163158442
2940,157771993
2941,119378229
2942,163590761
2943,153671198
2944,146412432
2945,168240379
2946,169297922
2947,46074837?
2948,133922205
2949,151822924
2950,117291909
2951,153675762
2952,149776269
2953,119222737
2954,90909579?
2955,66923684?
2956,160731750
2957,147704139
2958,169085622
2959,108451081
2960,163005434
2961,156682759
2962,150532489
2963,165187586
2964,122368981
2965,73601556?
2966,167796414
2967,157819764
2968,164081361
2969,165571399
2970,143434217
2971,167187582
2972,166110552
2973,169152593
2974,169056229
2975,161248964
2976,166304464
2977,93947996?
2978,166970303
2979,165088831
2980,165594134
2981,166462765
2982,159574007
2983,84685617?
2984,166514390
2985,169261636
2986,126354109
2987,166458918
2988,169052980
2989,165363347
2990,158479395
2991,169140821
2992,167061657
2993,146943118
2994,107864642
2995,134410837
2996,75111381?
2997,150427781
2998,156624118
2999,165422076
3000,113396678
3001,164074902
3002,155073812
3003,162044011
3004,157309483
3005,158645577
3006,166021908
3007,151548027
3008,154436222
3009,161535134
3010,128108471
3011,152453533
3012,163317321
3013,134049770
3014,135120753
3015,153758798
3016,166729711
3017,151181097
3018,162568607
3019,153420527
3020,98603355?
3021,169105775
3022,149955564
3023,164110563
3024,164126136
3025,152682282
3026,132563797
3027,141096675
3028,141995812
3029,163625681
3030,156186970
3031,158110201
3032,102978903
3033,148273052
3034,161056200
3035,148674347
3036,162535547
3037,155629407
3038,168924349
3039,132008857
3040,147981385
3041,168624185
3042,105448030
3043,158877228
3044,169068159
3045,168885502
3046,156690515
3047,155892480
3048,168520148
3049,125454356
3050,144517821
3051,141715754
3052,107106848
3053,168950374
3054,155563320
3055,166298589
3056,164821671
3057,169078116
3058,163625818
3059,152878241
3060,166071828
3061,167488079
3062,114033151
3063,145609647
3064,99985659?
3065,164506472
3066,165631291
3067,138334256
3068,160729560
3069,153609621
3070,108087568
3071,167639881
3072,53655294?
3073,164633338
3074,167312587
3075,151072934
3076,166251493
3077,102160208
3078,168859841
3079,154466748
3080,167890740
3081,159009481
3082,168774353
3083,112144322
3084,168248805
3085,168957161
3086,168597901
3087,168746313
3088,167000291
3089,168863873
3090,167203673
3091,147964729
3092,166127276
3093,134370508
3094,148206365
3095,86845904?
3096,140009962
3097,167879795
3098,108473576
3099,168761339
3100,167311428
3101,148200120
3102,168765546
3103,167495979
3104,167065028
3105,46698189?
3106,158687816
3107,168573648
3108,139384804
3109,167360917
3110,167529056
3111,86434594?
3112,168623551
3113,165765324
3114,73182669?
3115,133212992
3116,109238396
3117,168656817
3118,130581299
3119,167690991
3120,165182495
3121,74988955?
3122,168685826
3123,113768477
3124,120812732
3125,126113537
3126,118629825
3127,65550227?
3128,120138493
3129,135187653
3130,162921353
3131,166297694
3132,159740614
3133,149696808
3134,168459407
3135,159893809
3136,157785416
3137,157203038
3138,156756446
3139,165023716
3140,160713077
3141,156222924
3142,163486929
3143,168547595
3144,165515417
3145,167344154
3146,163899909
3147,168384888
3148,140362284
3149,168335448
3150,168203297
3151,168501239
3152,120136417
3153,162341583
3154,46582202?
3155,165541379
3156,165623382
3157,69994201?
3158,140032200
3159,168064130
3160,151618472
3161,75456903?
3162,143853722
3163,146655213
3164,168352858
3165,85254953?
3166,65570661?
3167,151790572
3168,116521507
3169,167787955
3170,133581285
3171,158050485
3172,91851160?
3173,155404272
3174,117073190
3175,151670324
3176,139248635
3177,110086483
3178,71249109?
3179,122710854
3180,129371821
3181,114446634
3182,169096796
3183,164360904
3184,168135754
3185,132346192
3186,164021722
3187,168128036
3188,98740661?
3189,158808703
3190,165496629
3191,65575667?
3192,169347031
3193,163636778
3194,168140601
3195,168834739
3196,168372917
3197,111081528
3198,151280997
3199,156534157
